MeanShift,StdDev,RMS,MaxValue,MinValue,PeakToPeak,Amplitude,SpectralEnergy,DominantFrequency
6.707677427423155,2.4057111635093698,7.126035550893338,9.784390513688788,2.3751100583344757,7.4092804553543115,3.0767130862656327,47.88665957147893,0.001998001998001998
